code,source,vertical,url,file
EP-GH8LH-KDNWS,qr-superbowl-entrance,tickets,https://enpassantapi.io/tickets?code=EP-GH8LH-KDNWS&source=qr-superbowl-entrance,qr-superbowl-entrance/EP-GH8LH-KDNWS.png
EP-U3B9A-XU4MJ,qr-superbowl-entrance,tickets,https://enpassantapi.io/tickets?code=EP-U3B9A-XU4MJ&source=qr-superbowl-entrance,qr-superbowl-entrance/EP-U3B9A-XU4MJ.png
EP-QVMHQ-L3HTH,qr-superbowl-entrance,tickets,https://enpassantapi.io/tickets?code=EP-QVMHQ-L3HTH&source=qr-superbowl-entrance,qr-superbowl-entrance/EP-QVMHQ-L3HTH.png
EP-N8RXB-YTHSN,qr-superbowl-entrance,tickets,https://enpassantapi.io/tickets?code=EP-N8RXB-YTHSN&source=qr-superbowl-entrance,qr-superbowl-entrance/EP-N8RXB-YTHSN.png
EP-4FJC6-KBYQB,qr-superbowl-entrance,tickets,https://enpassantapi.io/tickets?code=EP-4FJC6-KBYQB&source=qr-superbowl-entrance,qr-superbowl-entrance/EP-4FJC6-KBYQB.png
EP-XYZ3E-DAG9W,qr-superbowl-entrance,tickets,https://enpassantapi.io/tickets?code=EP-XYZ3E-DAG9W&source=qr-superbowl-entrance,qr-superbowl-entrance/EP-XYZ3E-DAG9W.png
EP-P8ZUJ-CTJ47,qr-superbowl-entrance,tickets,https://enpassantapi.io/tickets?code=EP-P8ZUJ-CTJ47&source=qr-superbowl-entrance,qr-superbowl-entrance/EP-P8ZUJ-CTJ47.png
EP-PRJ82-79UMW,qr-superbowl-entrance,tickets,https://enpassantapi.io/tickets?code=EP-PRJ82-79UMW&source=qr-superbowl-entrance,qr-superbowl-entrance/EP-PRJ82-79UMW.png
EP-GMZDN-QN6QJ,qr-superbowl-entrance,tickets,https://enpassantapi.io/tickets?code=EP-GMZDN-QN6QJ&source=qr-superbowl-entrance,qr-superbowl-entrance/EP-GMZDN-QN6QJ.png
EP-P92FE-RZKYV,qr-superbowl-entrance,tickets,https://enpassantapi.io/tickets?code=EP-P92FE-RZKYV&source=qr-superbowl-entrance,qr-superbowl-entrance/EP-P92FE-RZKYV.png
EP-QJTP2-9VJSL,qr-superbowl-entrance,tickets,https://enpassantapi.io/tickets?code=EP-QJTP2-9VJSL&source=qr-superbowl-entrance,qr-superbowl-entrance/EP-QJTP2-9VJSL.png
EP-L5ZXP-UPVC3,qr-superbowl-entrance,tickets,https://enpassantapi.io/tickets?code=EP-L5ZXP-UPVC3&source=qr-superbowl-entrance,qr-superbowl-entrance/EP-L5ZXP-UPVC3.png
EP-CQX9L-CFCDU,qr-superbowl-entrance,tickets,https://enpassantapi.io/tickets?code=EP-CQX9L-CFCDU&source=qr-superbowl-entrance,qr-superbowl-entrance/EP-CQX9L-CFCDU.png
EP-VR9ST-GW6B9,qr-superbowl-entrance,tickets,https://enpassantapi.io/tickets?code=EP-VR9ST-GW6B9&source=qr-superbowl-entrance,qr-superbowl-entrance/EP-VR9ST-GW6B9.png
EP-256ED-G3NV5,qr-superbowl-entrance,tickets,https://enpassantapi.io/tickets?code=EP-256ED-G3NV5&source=qr-superbowl-entrance,qr-superbowl-entrance/EP-256ED-G3NV5.png
EP-MCCXY-PHH4W,qr-superbowl-entrance,tickets,https://enpassantapi.io/tickets?code=EP-MCCXY-PHH4W&source=qr-superbowl-entrance,qr-superbowl-entrance/EP-MCCXY-PHH4W.png
EP-TSCU7-LCA93,qr-superbowl-entrance,tickets,https://enpassantapi.io/tickets?code=EP-TSCU7-LCA93&source=qr-superbowl-entrance,qr-superbowl-entrance/EP-TSCU7-LCA93.png
EP-CKXH4-ESAB9,qr-superbowl-entrance,tickets,https://enpassantapi.io/tickets?code=EP-CKXH4-ESAB9&source=qr-superbowl-entrance,qr-superbowl-entrance/EP-CKXH4-ESAB9.png
EP-REXN3-MYBZK,qr-superbowl-entrance,tickets,https://enpassantapi.io/tickets?code=EP-REXN3-MYBZK&source=qr-superbowl-entrance,qr-superbowl-entrance/EP-REXN3-MYBZK.png
EP-NNYSW-2CU9Z,qr-superbowl-entrance,tickets,https://enpassantapi.io/tickets?code=EP-NNYSW-2CU9Z&source=qr-superbowl-entrance,qr-superbowl-entrance/EP-NNYSW-2CU9Z.png
EP-KNUYB-KRZVR,qr-superbowl-entrance,tickets,https://enpassantapi.io/tickets?code=EP-KNUYB-KRZVR&source=qr-superbowl-entrance,qr-superbowl-entrance/EP-KNUYB-KRZVR.png
EP-APP6L-37E58,qr-superbowl-entrance,tickets,https://enpassantapi.io/tickets?code=EP-APP6L-37E58&source=qr-superbowl-entrance,qr-superbowl-entrance/EP-APP6L-37E58.png
EP-9HANX-LJ2XZ,qr-superbowl-entrance,tickets,https://enpassantapi.io/tickets?code=EP-9HANX-LJ2XZ&source=qr-superbowl-entrance,qr-superbowl-entrance/EP-9HANX-LJ2XZ.png
EP-XRNF7-GWHZH,qr-superbowl-entrance,tickets,https://enpassantapi.io/tickets?code=EP-XRNF7-GWHZH&source=qr-superbowl-entrance,qr-superbowl-entrance/EP-XRNF7-GWHZH.png
EP-XG8XM-TQA63,qr-superbowl-entrance,tickets,https://enpassantapi.io/tickets?code=EP-XG8XM-TQA63&source=qr-superbowl-entrance,qr-superbowl-entrance/EP-XG8XM-TQA63.png
EP-PKCBE-K2BXU,qr-superbowl-entrance,tickets,https://enpassantapi.io/tickets?code=EP-PKCBE-K2BXU&source=qr-superbowl-entrance,qr-superbowl-entrance/EP-PKCBE-K2BXU.png
EP-HMU5U-RN5MZ,qr-superbowl-entrance,tickets,https://enpassantapi.io/tickets?code=EP-HMU5U-RN5MZ&source=qr-superbowl-entrance,qr-superbowl-entrance/EP-HMU5U-RN5MZ.png
EP-BACJW-APU6T,qr-superbowl-entrance,tickets,https://enpassantapi.io/tickets?code=EP-BACJW-APU6T&source=qr-superbowl-entrance,qr-superbowl-entrance/EP-BACJW-APU6T.png
EP-2AJSY-F33XT,qr-superbowl-entrance,tickets,https://enpassantapi.io/tickets?code=EP-2AJSY-F33XT&source=qr-superbowl-entrance,qr-superbowl-entrance/EP-2AJSY-F33XT.png
EP-JZCT9-W3QY5,qr-superbowl-entrance,tickets,https://enpassantapi.io/tickets?code=EP-JZCT9-W3QY5&source=qr-superbowl-entrance,qr-superbowl-entrance/EP-JZCT9-W3QY5.png
EP-NLZ23-8KYNV,qr-superbowl-entrance,tickets,https://enpassantapi.io/tickets?code=EP-NLZ23-8KYNV&source=qr-superbowl-entrance,qr-superbowl-entrance/EP-NLZ23-8KYNV.png
EP-4S2AQ-QAWCQ,qr-superbowl-entrance,tickets,https://enpassantapi.io/tickets?code=EP-4S2AQ-QAWCQ&source=qr-superbowl-entrance,qr-superbowl-entrance/EP-4S2AQ-QAWCQ.png
EP-P8JW3-EX2BY,qr-superbowl-entrance,tickets,https://enpassantapi.io/tickets?code=EP-P8JW3-EX2BY&source=qr-superbowl-entrance,qr-superbowl-entrance/EP-P8JW3-EX2BY.png
EP-JS8X4-CBJ8Q,qr-superbowl-entrance,tickets,https://enpassantapi.io/tickets?code=EP-JS8X4-CBJ8Q&source=qr-superbowl-entrance,qr-superbowl-entrance/EP-JS8X4-CBJ8Q.png
EP-P6YTL-FZXG2,qr-superbowl-entrance,tickets,https://enpassantapi.io/tickets?code=EP-P6YTL-FZXG2&source=qr-superbowl-entrance,qr-superbowl-entrance/EP-P6YTL-FZXG2.png
EP-82EK6-FBCG5,qr-superbowl-entrance,tickets,https://enpassantapi.io/tickets?code=EP-82EK6-FBCG5&source=qr-superbowl-entrance,qr-superbowl-entrance/EP-82EK6-FBCG5.png
EP-687CV-TVWVQ,qr-superbowl-entrance,tickets,https://enpassantapi.io/tickets?code=EP-687CV-TVWVQ&source=qr-superbowl-entrance,qr-superbowl-entrance/EP-687CV-TVWVQ.png
EP-YHRTU-CGABN,qr-superbowl-entrance,tickets,https://enpassantapi.io/tickets?code=EP-YHRTU-CGABN&source=qr-superbowl-entrance,qr-superbowl-entrance/EP-YHRTU-CGABN.png
EP-NX6YA-SMJ3Q,qr-superbowl-entrance,tickets,https://enpassantapi.io/tickets?code=EP-NX6YA-SMJ3Q&source=qr-superbowl-entrance,qr-superbowl-entrance/EP-NX6YA-SMJ3Q.png
EP-UFAJD-N5R2C,qr-superbowl-entrance,tickets,https://enpassantapi.io/tickets?code=EP-UFAJD-N5R2C&source=qr-superbowl-entrance,qr-superbowl-entrance/EP-UFAJD-N5R2C.png
EP-MHB5Q-5VBLN,qr-superbowl-entrance,tickets,https://enpassantapi.io/tickets?code=EP-MHB5Q-5VBLN&source=qr-superbowl-entrance,qr-superbowl-entrance/EP-MHB5Q-5VBLN.png
EP-WJ2R7-KMMEV,qr-superbowl-entrance,tickets,https://enpassantapi.io/tickets?code=EP-WJ2R7-KMMEV&source=qr-superbowl-entrance,qr-superbowl-entrance/EP-WJ2R7-KMMEV.png
EP-X9257-8BBTW,qr-superbowl-entrance,tickets,https://enpassantapi.io/tickets?code=EP-X9257-8BBTW&source=qr-superbowl-entrance,qr-superbowl-entrance/EP-X9257-8BBTW.png
EP-4JANL-QMG56,qr-superbowl-entrance,tickets,https://enpassantapi.io/tickets?code=EP-4JANL-QMG56&source=qr-superbowl-entrance,qr-superbowl-entrance/EP-4JANL-QMG56.png
EP-DLY2A-6HL42,qr-superbowl-entrance,tickets,https://enpassantapi.io/tickets?code=EP-DLY2A-6HL42&source=qr-superbowl-entrance,qr-superbowl-entrance/EP-DLY2A-6HL42.png
EP-DMKHP-5ZF2R,qr-superbowl-entrance,tickets,https://enpassantapi.io/tickets?code=EP-DMKHP-5ZF2R&source=qr-superbowl-entrance,qr-superbowl-entrance/EP-DMKHP-5ZF2R.png
EP-UYAQA-TEENL,qr-superbowl-entrance,tickets,https://enpassantapi.io/tickets?code=EP-UYAQA-TEENL&source=qr-superbowl-entrance,qr-superbowl-entrance/EP-UYAQA-TEENL.png
EP-P3LQ7-URLJ2,qr-superbowl-entrance,tickets,https://enpassantapi.io/tickets?code=EP-P3LQ7-URLJ2&source=qr-superbowl-entrance,qr-superbowl-entrance/EP-P3LQ7-URLJ2.png
EP-BKDAA-BV25A,qr-superbowl-entrance,tickets,https://enpassantapi.io/tickets?code=EP-BKDAA-BV25A&source=qr-superbowl-entrance,qr-superbowl-entrance/EP-BKDAA-BV25A.png
EP-LJB93-P6U5U,qr-superbowl-entrance,tickets,https://enpassantapi.io/tickets?code=EP-LJB93-P6U5U&source=qr-superbowl-entrance,qr-superbowl-entrance/EP-LJB93-P6U5U.png
EP-VFRTA-U6SYN,qr-superbowl-entrance,tickets,https://enpassantapi.io/tickets?code=EP-VFRTA-U6SYN&source=qr-superbowl-entrance,qr-superbowl-entrance/EP-VFRTA-U6SYN.png
EP-S39KA-QU7ZV,qr-superbowl-entrance,tickets,https://enpassantapi.io/tickets?code=EP-S39KA-QU7ZV&source=qr-superbowl-entrance,qr-superbowl-entrance/EP-S39KA-QU7ZV.png
EP-CZU79-46VD4,qr-superbowl-entrance,tickets,https://enpassantapi.io/tickets?code=EP-CZU79-46VD4&source=qr-superbowl-entrance,qr-superbowl-entrance/EP-CZU79-46VD4.png
EP-9PW3D-EP4K6,qr-superbowl-entrance,tickets,https://enpassantapi.io/tickets?code=EP-9PW3D-EP4K6&source=qr-superbowl-entrance,qr-superbowl-entrance/EP-9PW3D-EP4K6.png
EP-NKDAX-FB2ZQ,qr-superbowl-entrance,tickets,https://enpassantapi.io/tickets?code=EP-NKDAX-FB2ZQ&source=qr-superbowl-entrance,qr-superbowl-entrance/EP-NKDAX-FB2ZQ.png
EP-KL7LB-BJYEZ,qr-superbowl-entrance,tickets,https://enpassantapi.io/tickets?code=EP-KL7LB-BJYEZ&source=qr-superbowl-entrance,qr-superbowl-entrance/EP-KL7LB-BJYEZ.png
EP-AZKTU-46GHZ,qr-superbowl-entrance,tickets,https://enpassantapi.io/tickets?code=EP-AZKTU-46GHZ&source=qr-superbowl-entrance,qr-superbowl-entrance/EP-AZKTU-46GHZ.png
EP-TENZZ-9ZNWE,qr-superbowl-entrance,tickets,https://enpassantapi.io/tickets?code=EP-TENZZ-9ZNWE&source=qr-superbowl-entrance,qr-superbowl-entrance/EP-TENZZ-9ZNWE.png
EP-V9E2L-N89YQ,qr-superbowl-entrance,tickets,https://enpassantapi.io/tickets?code=EP-V9E2L-N89YQ&source=qr-superbowl-entrance,qr-superbowl-entrance/EP-V9E2L-N89YQ.png
EP-LN76H-QP6T7,qr-superbowl-entrance,tickets,https://enpassantapi.io/tickets?code=EP-LN76H-QP6T7&source=qr-superbowl-entrance,qr-superbowl-entrance/EP-LN76H-QP6T7.png
EP-22WXK-8C8MX,qr-superbowl-entrance,tickets,https://enpassantapi.io/tickets?code=EP-22WXK-8C8MX&source=qr-superbowl-entrance,qr-superbowl-entrance/EP-22WXK-8C8MX.png
EP-W72WD-4PWYJ,qr-superbowl-entrance,tickets,https://enpassantapi.io/tickets?code=EP-W72WD-4PWYJ&source=qr-superbowl-entrance,qr-superbowl-entrance/EP-W72WD-4PWYJ.png
EP-KA3RW-YLQ9Q,qr-superbowl-entrance,tickets,https://enpassantapi.io/tickets?code=EP-KA3RW-YLQ9Q&source=qr-superbowl-entrance,qr-superbowl-entrance/EP-KA3RW-YLQ9Q.png
EP-FHL9C-AY6LF,qr-superbowl-entrance,tickets,https://enpassantapi.io/tickets?code=EP-FHL9C-AY6LF&source=qr-superbowl-entrance,qr-superbowl-entrance/EP-FHL9C-AY6LF.png
EP-2KAEQ-LYW46,qr-superbowl-entrance,tickets,https://enpassantapi.io/tickets?code=EP-2KAEQ-LYW46&source=qr-superbowl-entrance,qr-superbowl-entrance/EP-2KAEQ-LYW46.png
EP-FT5MT-UZ5PZ,qr-superbowl-entrance,tickets,https://enpassantapi.io/tickets?code=EP-FT5MT-UZ5PZ&source=qr-superbowl-entrance,qr-superbowl-entrance/EP-FT5MT-UZ5PZ.png
EP-LKTUD-ESRD7,qr-superbowl-entrance,tickets,https://enpassantapi.io/tickets?code=EP-LKTUD-ESRD7&source=qr-superbowl-entrance,qr-superbowl-entrance/EP-LKTUD-ESRD7.png
EP-8P95R-UMQ7K,qr-superbowl-entrance,tickets,https://enpassantapi.io/tickets?code=EP-8P95R-UMQ7K&source=qr-superbowl-entrance,qr-superbowl-entrance/EP-8P95R-UMQ7K.png
EP-9GA6J-E84FG,qr-superbowl-entrance,tickets,https://enpassantapi.io/tickets?code=EP-9GA6J-E84FG&source=qr-superbowl-entrance,qr-superbowl-entrance/EP-9GA6J-E84FG.png
EP-JHG2F-R7JGK,qr-superbowl-entrance,tickets,https://enpassantapi.io/tickets?code=EP-JHG2F-R7JGK&source=qr-superbowl-entrance,qr-superbowl-entrance/EP-JHG2F-R7JGK.png
EP-7NLV2-F46ZC,qr-superbowl-entrance,tickets,https://enpassantapi.io/tickets?code=EP-7NLV2-F46ZC&source=qr-superbowl-entrance,qr-superbowl-entrance/EP-7NLV2-F46ZC.png
EP-QBZW3-TF5TZ,qr-superbowl-entrance,tickets,https://enpassantapi.io/tickets?code=EP-QBZW3-TF5TZ&source=qr-superbowl-entrance,qr-superbowl-entrance/EP-QBZW3-TF5TZ.png
EP-XWP9V-Z74SH,qr-superbowl-entrance,tickets,https://enpassantapi.io/tickets?code=EP-XWP9V-Z74SH&source=qr-superbowl-entrance,qr-superbowl-entrance/EP-XWP9V-Z74SH.png
EP-W94VY-UBDXH,qr-superbowl-entrance,tickets,https://enpassantapi.io/tickets?code=EP-W94VY-UBDXH&source=qr-superbowl-entrance,qr-superbowl-entrance/EP-W94VY-UBDXH.png
EP-JVFLW-9NCYL,qr-superbowl-entrance,tickets,https://enpassantapi.io/tickets?code=EP-JVFLW-9NCYL&source=qr-superbowl-entrance,qr-superbowl-entrance/EP-JVFLW-9NCYL.png
EP-QFU96-UV3ED,qr-superbowl-entrance,tickets,https://enpassantapi.io/tickets?code=EP-QFU96-UV3ED&source=qr-superbowl-entrance,qr-superbowl-entrance/EP-QFU96-UV3ED.png
EP-DYGLM-FNXAF,qr-superbowl-entrance,tickets,https://enpassantapi.io/tickets?code=EP-DYGLM-FNXAF&source=qr-superbowl-entrance,qr-superbowl-entrance/EP-DYGLM-FNXAF.png
EP-9GE2E-ERL6H,qr-superbowl-entrance,tickets,https://enpassantapi.io/tickets?code=EP-9GE2E-ERL6H&source=qr-superbowl-entrance,qr-superbowl-entrance/EP-9GE2E-ERL6H.png
EP-PTEVK-4SLWQ,qr-superbowl-entrance,tickets,https://enpassantapi.io/tickets?code=EP-PTEVK-4SLWQ&source=qr-superbowl-entrance,qr-superbowl-entrance/EP-PTEVK-4SLWQ.png
EP-QPVDR-N9E9H,qr-superbowl-entrance,tickets,https://enpassantapi.io/tickets?code=EP-QPVDR-N9E9H&source=qr-superbowl-entrance,qr-superbowl-entrance/EP-QPVDR-N9E9H.png
EP-KK8C2-ZWF3K,qr-superbowl-entrance,tickets,https://enpassantapi.io/tickets?code=EP-KK8C2-ZWF3K&source=qr-superbowl-entrance,qr-superbowl-entrance/EP-KK8C2-ZWF3K.png
EP-KNLPV-VT8XS,qr-superbowl-entrance,tickets,https://enpassantapi.io/tickets?code=EP-KNLPV-VT8XS&source=qr-superbowl-entrance,qr-superbowl-entrance/EP-KNLPV-VT8XS.png
EP-8RK94-8473W,qr-superbowl-entrance,tickets,https://enpassantapi.io/tickets?code=EP-8RK94-8473W&source=qr-superbowl-entrance,qr-superbowl-entrance/EP-8RK94-8473W.png
EP-J4SKH-KUSQU,qr-superbowl-entrance,tickets,https://enpassantapi.io/tickets?code=EP-J4SKH-KUSQU&source=qr-superbowl-entrance,qr-superbowl-entrance/EP-J4SKH-KUSQU.png
EP-XTQG2-4QZRX,qr-superbowl-entrance,tickets,https://enpassantapi.io/tickets?code=EP-XTQG2-4QZRX&source=qr-superbowl-entrance,qr-superbowl-entrance/EP-XTQG2-4QZRX.png
EP-3KE3L-JMLJT,qr-superbowl-entrance,tickets,https://enpassantapi.io/tickets?code=EP-3KE3L-JMLJT&source=qr-superbowl-entrance,qr-superbowl-entrance/EP-3KE3L-JMLJT.png
EP-76N4Y-Z3PVK,qr-superbowl-entrance,tickets,https://enpassantapi.io/tickets?code=EP-76N4Y-Z3PVK&source=qr-superbowl-entrance,qr-superbowl-entrance/EP-76N4Y-Z3PVK.png
EP-29XWN-4WB7E,qr-superbowl-entrance,tickets,https://enpassantapi.io/tickets?code=EP-29XWN-4WB7E&source=qr-superbowl-entrance,qr-superbowl-entrance/EP-29XWN-4WB7E.png
EP-9KYCY-PTKN9,qr-superbowl-entrance,tickets,https://enpassantapi.io/tickets?code=EP-9KYCY-PTKN9&source=qr-superbowl-entrance,qr-superbowl-entrance/EP-9KYCY-PTKN9.png
EP-CRZ6D-F3RW5,qr-superbowl-entrance,tickets,https://enpassantapi.io/tickets?code=EP-CRZ6D-F3RW5&source=qr-superbowl-entrance,qr-superbowl-entrance/EP-CRZ6D-F3RW5.png
EP-SBRV2-VFME2,qr-superbowl-entrance,tickets,https://enpassantapi.io/tickets?code=EP-SBRV2-VFME2&source=qr-superbowl-entrance,qr-superbowl-entrance/EP-SBRV2-VFME2.png
EP-4T4C9-7X59J,qr-superbowl-entrance,tickets,https://enpassantapi.io/tickets?code=EP-4T4C9-7X59J&source=qr-superbowl-entrance,qr-superbowl-entrance/EP-4T4C9-7X59J.png
EP-CZGTJ-QJC92,qr-superbowl-entrance,tickets,https://enpassantapi.io/tickets?code=EP-CZGTJ-QJC92&source=qr-superbowl-entrance,qr-superbowl-entrance/EP-CZGTJ-QJC92.png
EP-PSB7G-J2WP4,qr-superbowl-entrance,tickets,https://enpassantapi.io/tickets?code=EP-PSB7G-J2WP4&source=qr-superbowl-entrance,qr-superbowl-entrance/EP-PSB7G-J2WP4.png
EP-GR5CE-H7HRW,qr-superbowl-entrance,tickets,https://enpassantapi.io/tickets?code=EP-GR5CE-H7HRW&source=qr-superbowl-entrance,qr-superbowl-entrance/EP-GR5CE-H7HRW.png
EP-RVBZM-YN7J8,qr-superbowl-entrance,tickets,https://enpassantapi.io/tickets?code=EP-RVBZM-YN7J8&source=qr-superbowl-entrance,qr-superbowl-entrance/EP-RVBZM-YN7J8.png
EP-SCQ8V-F3BK7,qr-superbowl-entrance,tickets,https://enpassantapi.io/tickets?code=EP-SCQ8V-F3BK7&source=qr-superbowl-entrance,qr-superbowl-entrance/EP-SCQ8V-F3BK7.png
EP-MDESM-FVQXB,qr-superbowl-entrance,tickets,https://enpassantapi.io/tickets?code=EP-MDESM-FVQXB&source=qr-superbowl-entrance,qr-superbowl-entrance/EP-MDESM-FVQXB.png
EP-ZENM4-3FP34,qr-superbowl-entrance,tickets,https://enpassantapi.io/tickets?code=EP-ZENM4-3FP34&source=qr-superbowl-entrance,qr-superbowl-entrance/EP-ZENM4-3FP34.png
EP-4SXLW-D5BM4,qr-superbowl-entrance,tickets,https://enpassantapi.io/tickets?code=EP-4SXLW-D5BM4&source=qr-superbowl-entrance,qr-superbowl-entrance/EP-4SXLW-D5BM4.png
EP-VCB5K-24M3T,qr-superbowl-parking,tickets,https://enpassantapi.io/tickets?code=EP-VCB5K-24M3T&source=qr-superbowl-parking,qr-superbowl-parking/EP-VCB5K-24M3T.png
EP-VXJV9-VN6QZ,qr-superbowl-parking,tickets,https://enpassantapi.io/tickets?code=EP-VXJV9-VN6QZ&source=qr-superbowl-parking,qr-superbowl-parking/EP-VXJV9-VN6QZ.png
EP-T9XGC-FVWQG,qr-superbowl-parking,tickets,https://enpassantapi.io/tickets?code=EP-T9XGC-FVWQG&source=qr-superbowl-parking,qr-superbowl-parking/EP-T9XGC-FVWQG.png
EP-MGC43-7BXRE,qr-superbowl-parking,tickets,https://enpassantapi.io/tickets?code=EP-MGC43-7BXRE&source=qr-superbowl-parking,qr-superbowl-parking/EP-MGC43-7BXRE.png
EP-FW4YL-7AGGT,qr-superbowl-parking,tickets,https://enpassantapi.io/tickets?code=EP-FW4YL-7AGGT&source=qr-superbowl-parking,qr-superbowl-parking/EP-FW4YL-7AGGT.png
EP-4F35K-5FH76,qr-superbowl-parking,tickets,https://enpassantapi.io/tickets?code=EP-4F35K-5FH76&source=qr-superbowl-parking,qr-superbowl-parking/EP-4F35K-5FH76.png
EP-MDXM8-LX9X9,qr-superbowl-parking,tickets,https://enpassantapi.io/tickets?code=EP-MDXM8-LX9X9&source=qr-superbowl-parking,qr-superbowl-parking/EP-MDXM8-LX9X9.png
EP-KNAK4-MAWDW,qr-superbowl-parking,tickets,https://enpassantapi.io/tickets?code=EP-KNAK4-MAWDW&source=qr-superbowl-parking,qr-superbowl-parking/EP-KNAK4-MAWDW.png
EP-YB6A4-FTVFL,qr-superbowl-parking,tickets,https://enpassantapi.io/tickets?code=EP-YB6A4-FTVFL&source=qr-superbowl-parking,qr-superbowl-parking/EP-YB6A4-FTVFL.png
EP-J4ETC-8HHTK,qr-superbowl-parking,tickets,https://enpassantapi.io/tickets?code=EP-J4ETC-8HHTK&source=qr-superbowl-parking,qr-superbowl-parking/EP-J4ETC-8HHTK.png
EP-PWTZB-CNJRS,qr-superbowl-parking,tickets,https://enpassantapi.io/tickets?code=EP-PWTZB-CNJRS&source=qr-superbowl-parking,qr-superbowl-parking/EP-PWTZB-CNJRS.png
EP-BQ4FP-XH6HH,qr-superbowl-parking,tickets,https://enpassantapi.io/tickets?code=EP-BQ4FP-XH6HH&source=qr-superbowl-parking,qr-superbowl-parking/EP-BQ4FP-XH6HH.png
EP-B2VQC-VM4VS,qr-superbowl-parking,tickets,https://enpassantapi.io/tickets?code=EP-B2VQC-VM4VS&source=qr-superbowl-parking,qr-superbowl-parking/EP-B2VQC-VM4VS.png
EP-P9932-A8P5Y,qr-superbowl-parking,tickets,https://enpassantapi.io/tickets?code=EP-P9932-A8P5Y&source=qr-superbowl-parking,qr-superbowl-parking/EP-P9932-A8P5Y.png
EP-G9S4T-M5NDV,qr-superbowl-parking,tickets,https://enpassantapi.io/tickets?code=EP-G9S4T-M5NDV&source=qr-superbowl-parking,qr-superbowl-parking/EP-G9S4T-M5NDV.png
EP-6QUKD-XLQLH,qr-superbowl-parking,tickets,https://enpassantapi.io/tickets?code=EP-6QUKD-XLQLH&source=qr-superbowl-parking,qr-superbowl-parking/EP-6QUKD-XLQLH.png
EP-R44KZ-F8XBW,qr-superbowl-parking,tickets,https://enpassantapi.io/tickets?code=EP-R44KZ-F8XBW&source=qr-superbowl-parking,qr-superbowl-parking/EP-R44KZ-F8XBW.png
EP-5LZAL-ED53T,qr-superbowl-parking,tickets,https://enpassantapi.io/tickets?code=EP-5LZAL-ED53T&source=qr-superbowl-parking,qr-superbowl-parking/EP-5LZAL-ED53T.png
EP-3SU4H-XFZMH,qr-superbowl-parking,tickets,https://enpassantapi.io/tickets?code=EP-3SU4H-XFZMH&source=qr-superbowl-parking,qr-superbowl-parking/EP-3SU4H-XFZMH.png
EP-KKBT4-6HYTR,qr-superbowl-parking,tickets,https://enpassantapi.io/tickets?code=EP-KKBT4-6HYTR&source=qr-superbowl-parking,qr-superbowl-parking/EP-KKBT4-6HYTR.png
EP-RTE5V-MZYWC,qr-superbowl-parking,tickets,https://enpassantapi.io/tickets?code=EP-RTE5V-MZYWC&source=qr-superbowl-parking,qr-superbowl-parking/EP-RTE5V-MZYWC.png
EP-3ZPWC-WWZCZ,qr-superbowl-parking,tickets,https://enpassantapi.io/tickets?code=EP-3ZPWC-WWZCZ&source=qr-superbowl-parking,qr-superbowl-parking/EP-3ZPWC-WWZCZ.png
EP-KNPKZ-UL6HY,qr-superbowl-parking,tickets,https://enpassantapi.io/tickets?code=EP-KNPKZ-UL6HY&source=qr-superbowl-parking,qr-superbowl-parking/EP-KNPKZ-UL6HY.png
EP-YXHRP-TBHCZ,qr-superbowl-parking,tickets,https://enpassantapi.io/tickets?code=EP-YXHRP-TBHCZ&source=qr-superbowl-parking,qr-superbowl-parking/EP-YXHRP-TBHCZ.png
EP-JUM7U-Z89NG,qr-superbowl-parking,tickets,https://enpassantapi.io/tickets?code=EP-JUM7U-Z89NG&source=qr-superbowl-parking,qr-superbowl-parking/EP-JUM7U-Z89NG.png
EP-MTWZD-D8K3Z,qr-superbowl-parking,tickets,https://enpassantapi.io/tickets?code=EP-MTWZD-D8K3Z&source=qr-superbowl-parking,qr-superbowl-parking/EP-MTWZD-D8K3Z.png
EP-N9P2G-MREE8,qr-superbowl-parking,tickets,https://enpassantapi.io/tickets?code=EP-N9P2G-MREE8&source=qr-superbowl-parking,qr-superbowl-parking/EP-N9P2G-MREE8.png
EP-2PGGM-8MMUC,qr-superbowl-parking,tickets,https://enpassantapi.io/tickets?code=EP-2PGGM-8MMUC&source=qr-superbowl-parking,qr-superbowl-parking/EP-2PGGM-8MMUC.png
EP-PJPVS-93SB3,qr-superbowl-parking,tickets,https://enpassantapi.io/tickets?code=EP-PJPVS-93SB3&source=qr-superbowl-parking,qr-superbowl-parking/EP-PJPVS-93SB3.png
EP-532VK-2H2BB,qr-superbowl-parking,tickets,https://enpassantapi.io/tickets?code=EP-532VK-2H2BB&source=qr-superbowl-parking,qr-superbowl-parking/EP-532VK-2H2BB.png
EP-R45QW-W96N7,qr-superbowl-parking,tickets,https://enpassantapi.io/tickets?code=EP-R45QW-W96N7&source=qr-superbowl-parking,qr-superbowl-parking/EP-R45QW-W96N7.png
EP-8UDX5-M7CCQ,qr-superbowl-parking,tickets,https://enpassantapi.io/tickets?code=EP-8UDX5-M7CCQ&source=qr-superbowl-parking,qr-superbowl-parking/EP-8UDX5-M7CCQ.png
EP-EJ8SC-ENRFW,qr-superbowl-parking,tickets,https://enpassantapi.io/tickets?code=EP-EJ8SC-ENRFW&source=qr-superbowl-parking,qr-superbowl-parking/EP-EJ8SC-ENRFW.png
EP-3EZB6-KWEUU,qr-superbowl-parking,tickets,https://enpassantapi.io/tickets?code=EP-3EZB6-KWEUU&source=qr-superbowl-parking,qr-superbowl-parking/EP-3EZB6-KWEUU.png
EP-RP5A9-K6NH2,qr-superbowl-parking,tickets,https://enpassantapi.io/tickets?code=EP-RP5A9-K6NH2&source=qr-superbowl-parking,qr-superbowl-parking/EP-RP5A9-K6NH2.png
EP-HFNLU-79BBS,qr-superbowl-parking,tickets,https://enpassantapi.io/tickets?code=EP-HFNLU-79BBS&source=qr-superbowl-parking,qr-superbowl-parking/EP-HFNLU-79BBS.png
EP-QAR6L-ZHUHZ,qr-superbowl-parking,tickets,https://enpassantapi.io/tickets?code=EP-QAR6L-ZHUHZ&source=qr-superbowl-parking,qr-superbowl-parking/EP-QAR6L-ZHUHZ.png
EP-R47JE-9PYBD,qr-superbowl-parking,tickets,https://enpassantapi.io/tickets?code=EP-R47JE-9PYBD&source=qr-superbowl-parking,qr-superbowl-parking/EP-R47JE-9PYBD.png
EP-PMDNX-MDLNM,qr-superbowl-parking,tickets,https://enpassantapi.io/tickets?code=EP-PMDNX-MDLNM&source=qr-superbowl-parking,qr-superbowl-parking/EP-PMDNX-MDLNM.png
EP-P7GTL-NAN2M,qr-superbowl-parking,tickets,https://enpassantapi.io/tickets?code=EP-P7GTL-NAN2M&source=qr-superbowl-parking,qr-superbowl-parking/EP-P7GTL-NAN2M.png
EP-7K6JJ-NH6Y2,qr-superbowl-parking,tickets,https://enpassantapi.io/tickets?code=EP-7K6JJ-NH6Y2&source=qr-superbowl-parking,qr-superbowl-parking/EP-7K6JJ-NH6Y2.png
EP-YSQU6-F77D3,qr-superbowl-parking,tickets,https://enpassantapi.io/tickets?code=EP-YSQU6-F77D3&source=qr-superbowl-parking,qr-superbowl-parking/EP-YSQU6-F77D3.png
EP-NFBU4-CGXPJ,qr-superbowl-parking,tickets,https://enpassantapi.io/tickets?code=EP-NFBU4-CGXPJ&source=qr-superbowl-parking,qr-superbowl-parking/EP-NFBU4-CGXPJ.png
EP-JHR65-NP6B3,qr-superbowl-parking,tickets,https://enpassantapi.io/tickets?code=EP-JHR65-NP6B3&source=qr-superbowl-parking,qr-superbowl-parking/EP-JHR65-NP6B3.png
EP-7E26N-CDDBR,qr-superbowl-parking,tickets,https://enpassantapi.io/tickets?code=EP-7E26N-CDDBR&source=qr-superbowl-parking,qr-superbowl-parking/EP-7E26N-CDDBR.png
EP-RXYCN-M4E2Q,qr-superbowl-parking,tickets,https://enpassantapi.io/tickets?code=EP-RXYCN-M4E2Q&source=qr-superbowl-parking,qr-superbowl-parking/EP-RXYCN-M4E2Q.png
EP-RP7EH-6Q2JF,qr-superbowl-parking,tickets,https://enpassantapi.io/tickets?code=EP-RP7EH-6Q2JF&source=qr-superbowl-parking,qr-superbowl-parking/EP-RP7EH-6Q2JF.png
EP-7G9K5-S7ZDE,qr-superbowl-parking,tickets,https://enpassantapi.io/tickets?code=EP-7G9K5-S7ZDE&source=qr-superbowl-parking,qr-superbowl-parking/EP-7G9K5-S7ZDE.png
EP-8J9WG-NX345,qr-superbowl-parking,tickets,https://enpassantapi.io/tickets?code=EP-8J9WG-NX345&source=qr-superbowl-parking,qr-superbowl-parking/EP-8J9WG-NX345.png
EP-LRA2H-Q2553,qr-superbowl-parking,tickets,https://enpassantapi.io/tickets?code=EP-LRA2H-Q2553&source=qr-superbowl-parking,qr-superbowl-parking/EP-LRA2H-Q2553.png
EP-FPW2R-FEQPL,qr-superbowl-parking,tickets,https://enpassantapi.io/tickets?code=EP-FPW2R-FEQPL&source=qr-superbowl-parking,qr-superbowl-parking/EP-FPW2R-FEQPL.png
EP-Q6YJL-HK466,qr-superbowl-parking,tickets,https://enpassantapi.io/tickets?code=EP-Q6YJL-HK466&source=qr-superbowl-parking,qr-superbowl-parking/EP-Q6YJL-HK466.png
EP-7V3MX-AHWXU,qr-superbowl-parking,tickets,https://enpassantapi.io/tickets?code=EP-7V3MX-AHWXU&source=qr-superbowl-parking,qr-superbowl-parking/EP-7V3MX-AHWXU.png
EP-WC2YX-49529,qr-superbowl-parking,tickets,https://enpassantapi.io/tickets?code=EP-WC2YX-49529&source=qr-superbowl-parking,qr-superbowl-parking/EP-WC2YX-49529.png
EP-28WUB-TZJSQ,qr-superbowl-parking,tickets,https://enpassantapi.io/tickets?code=EP-28WUB-TZJSQ&source=qr-superbowl-parking,qr-superbowl-parking/EP-28WUB-TZJSQ.png
EP-J3UCN-PCSE4,qr-superbowl-parking,tickets,https://enpassantapi.io/tickets?code=EP-J3UCN-PCSE4&source=qr-superbowl-parking,qr-superbowl-parking/EP-J3UCN-PCSE4.png
EP-4WKT4-T8N5V,qr-superbowl-parking,tickets,https://enpassantapi.io/tickets?code=EP-4WKT4-T8N5V&source=qr-superbowl-parking,qr-superbowl-parking/EP-4WKT4-T8N5V.png
EP-MNR3N-LKB77,qr-superbowl-parking,tickets,https://enpassantapi.io/tickets?code=EP-MNR3N-LKB77&source=qr-superbowl-parking,qr-superbowl-parking/EP-MNR3N-LKB77.png
EP-SYGV5-KQJ63,qr-superbowl-parking,tickets,https://enpassantapi.io/tickets?code=EP-SYGV5-KQJ63&source=qr-superbowl-parking,qr-superbowl-parking/EP-SYGV5-KQJ63.png
EP-XK97Q-T6WXK,qr-superbowl-parking,tickets,https://enpassantapi.io/tickets?code=EP-XK97Q-T6WXK&source=qr-superbowl-parking,qr-superbowl-parking/EP-XK97Q-T6WXK.png
EP-H8R9Y-JPGVA,qr-superbowl-parking,tickets,https://enpassantapi.io/tickets?code=EP-H8R9Y-JPGVA&source=qr-superbowl-parking,qr-superbowl-parking/EP-H8R9Y-JPGVA.png
EP-N7BA9-FHBYB,qr-superbowl-parking,tickets,https://enpassantapi.io/tickets?code=EP-N7BA9-FHBYB&source=qr-superbowl-parking,qr-superbowl-parking/EP-N7BA9-FHBYB.png
EP-XW9XB-8K4CK,qr-superbowl-parking,tickets,https://enpassantapi.io/tickets?code=EP-XW9XB-8K4CK&source=qr-superbowl-parking,qr-superbowl-parking/EP-XW9XB-8K4CK.png
EP-Z682L-VVDDR,qr-superbowl-parking,tickets,https://enpassantapi.io/tickets?code=EP-Z682L-VVDDR&source=qr-superbowl-parking,qr-superbowl-parking/EP-Z682L-VVDDR.png
EP-VBV7A-ZMQ2Z,qr-superbowl-parking,tickets,https://enpassantapi.io/tickets?code=EP-VBV7A-ZMQ2Z&source=qr-superbowl-parking,qr-superbowl-parking/EP-VBV7A-ZMQ2Z.png
EP-KS3BQ-MTV7W,qr-superbowl-parking,tickets,https://enpassantapi.io/tickets?code=EP-KS3BQ-MTV7W&source=qr-superbowl-parking,qr-superbowl-parking/EP-KS3BQ-MTV7W.png
EP-ZK8W3-L6TWW,qr-superbowl-parking,tickets,https://enpassantapi.io/tickets?code=EP-ZK8W3-L6TWW&source=qr-superbowl-parking,qr-superbowl-parking/EP-ZK8W3-L6TWW.png
EP-VNEWG-X3V4N,qr-superbowl-parking,tickets,https://enpassantapi.io/tickets?code=EP-VNEWG-X3V4N&source=qr-superbowl-parking,qr-superbowl-parking/EP-VNEWG-X3V4N.png
EP-X2X39-BQKXV,qr-superbowl-parking,tickets,https://enpassantapi.io/tickets?code=EP-X2X39-BQKXV&source=qr-superbowl-parking,qr-superbowl-parking/EP-X2X39-BQKXV.png
EP-MMHVT-NHZ5Q,qr-superbowl-parking,tickets,https://enpassantapi.io/tickets?code=EP-MMHVT-NHZ5Q&source=qr-superbowl-parking,qr-superbowl-parking/EP-MMHVT-NHZ5Q.png
EP-MY6JH-ARDEG,qr-superbowl-parking,tickets,https://enpassantapi.io/tickets?code=EP-MY6JH-ARDEG&source=qr-superbowl-parking,qr-superbowl-parking/EP-MY6JH-ARDEG.png
EP-98XPG-W54LB,qr-superbowl-parking,tickets,https://enpassantapi.io/tickets?code=EP-98XPG-W54LB&source=qr-superbowl-parking,qr-superbowl-parking/EP-98XPG-W54LB.png
EP-6WXZU-76MQ9,qr-superbowl-parking,tickets,https://enpassantapi.io/tickets?code=EP-6WXZU-76MQ9&source=qr-superbowl-parking,qr-superbowl-parking/EP-6WXZU-76MQ9.png
EP-CB4FK-54FZ3,qr-superbowl-parking,tickets,https://enpassantapi.io/tickets?code=EP-CB4FK-54FZ3&source=qr-superbowl-parking,qr-superbowl-parking/EP-CB4FK-54FZ3.png
EP-LPGH7-F3UUV,qr-superbowl-parking,tickets,https://enpassantapi.io/tickets?code=EP-LPGH7-F3UUV&source=qr-superbowl-parking,qr-superbowl-parking/EP-LPGH7-F3UUV.png
EP-N6H2E-VSPJR,qr-superbowl-parking,tickets,https://enpassantapi.io/tickets?code=EP-N6H2E-VSPJR&source=qr-superbowl-parking,qr-superbowl-parking/EP-N6H2E-VSPJR.png
EP-QZHF9-N2GCG,qr-superbowl-parking,tickets,https://enpassantapi.io/tickets?code=EP-QZHF9-N2GCG&source=qr-superbowl-parking,qr-superbowl-parking/EP-QZHF9-N2GCG.png
EP-ZF6R3-NXRNW,qr-superbowl-parking,tickets,https://enpassantapi.io/tickets?code=EP-ZF6R3-NXRNW&source=qr-superbowl-parking,qr-superbowl-parking/EP-ZF6R3-NXRNW.png
EP-8FWRK-ERDCS,qr-superbowl-parking,tickets,https://enpassantapi.io/tickets?code=EP-8FWRK-ERDCS&source=qr-superbowl-parking,qr-superbowl-parking/EP-8FWRK-ERDCS.png
EP-KDKKS-7K466,qr-superbowl-parking,tickets,https://enpassantapi.io/tickets?code=EP-KDKKS-7K466&source=qr-superbowl-parking,qr-superbowl-parking/EP-KDKKS-7K466.png
EP-3BAEW-4ZVFK,qr-superbowl-parking,tickets,https://enpassantapi.io/tickets?code=EP-3BAEW-4ZVFK&source=qr-superbowl-parking,qr-superbowl-parking/EP-3BAEW-4ZVFK.png
EP-BKJ8Y-MG4AH,qr-superbowl-parking,tickets,https://enpassantapi.io/tickets?code=EP-BKJ8Y-MG4AH&source=qr-superbowl-parking,qr-superbowl-parking/EP-BKJ8Y-MG4AH.png
EP-P7PRW-5L5GA,qr-superbowl-parking,tickets,https://enpassantapi.io/tickets?code=EP-P7PRW-5L5GA&source=qr-superbowl-parking,qr-superbowl-parking/EP-P7PRW-5L5GA.png
EP-LFDMX-XEEFC,qr-superbowl-parking,tickets,https://enpassantapi.io/tickets?code=EP-LFDMX-XEEFC&source=qr-superbowl-parking,qr-superbowl-parking/EP-LFDMX-XEEFC.png
EP-MEARM-MG6Y7,qr-superbowl-parking,tickets,https://enpassantapi.io/tickets?code=EP-MEARM-MG6Y7&source=qr-superbowl-parking,qr-superbowl-parking/EP-MEARM-MG6Y7.png
EP-3KM7L-LJNGD,qr-superbowl-parking,tickets,https://enpassantapi.io/tickets?code=EP-3KM7L-LJNGD&source=qr-superbowl-parking,qr-superbowl-parking/EP-3KM7L-LJNGD.png
EP-QG87F-8MUJ9,qr-superbowl-parking,tickets,https://enpassantapi.io/tickets?code=EP-QG87F-8MUJ9&source=qr-superbowl-parking,qr-superbowl-parking/EP-QG87F-8MUJ9.png
EP-5P6SM-RSV2U,qr-superbowl-parking,tickets,https://enpassantapi.io/tickets?code=EP-5P6SM-RSV2U&source=qr-superbowl-parking,qr-superbowl-parking/EP-5P6SM-RSV2U.png
EP-BRT6T-RQBGV,qr-superbowl-parking,tickets,https://enpassantapi.io/tickets?code=EP-BRT6T-RQBGV&source=qr-superbowl-parking,qr-superbowl-parking/EP-BRT6T-RQBGV.png
EP-UGM2E-ASVLM,qr-superbowl-parking,tickets,https://enpassantapi.io/tickets?code=EP-UGM2E-ASVLM&source=qr-superbowl-parking,qr-superbowl-parking/EP-UGM2E-ASVLM.png
EP-9UZCU-SM6C5,qr-superbowl-parking,tickets,https://enpassantapi.io/tickets?code=EP-9UZCU-SM6C5&source=qr-superbowl-parking,qr-superbowl-parking/EP-9UZCU-SM6C5.png
EP-JUFBK-6VWNW,qr-superbowl-parking,tickets,https://enpassantapi.io/tickets?code=EP-JUFBK-6VWNW&source=qr-superbowl-parking,qr-superbowl-parking/EP-JUFBK-6VWNW.png
EP-PHTGP-7YWM4,qr-superbowl-parking,tickets,https://enpassantapi.io/tickets?code=EP-PHTGP-7YWM4&source=qr-superbowl-parking,qr-superbowl-parking/EP-PHTGP-7YWM4.png
EP-SXZYV-PGWQW,qr-superbowl-parking,tickets,https://enpassantapi.io/tickets?code=EP-SXZYV-PGWQW&source=qr-superbowl-parking,qr-superbowl-parking/EP-SXZYV-PGWQW.png
EP-U8XQX-L4PX4,qr-superbowl-parking,tickets,https://enpassantapi.io/tickets?code=EP-U8XQX-L4PX4&source=qr-superbowl-parking,qr-superbowl-parking/EP-U8XQX-L4PX4.png
EP-2K57N-9LE9F,qr-superbowl-parking,tickets,https://enpassantapi.io/tickets?code=EP-2K57N-9LE9F&source=qr-superbowl-parking,qr-superbowl-parking/EP-2K57N-9LE9F.png
EP-ZFNXL-9B8WV,qr-superbowl-parking,tickets,https://enpassantapi.io/tickets?code=EP-ZFNXL-9B8WV&source=qr-superbowl-parking,qr-superbowl-parking/EP-ZFNXL-9B8WV.png
EP-FVW4Q-QBNK5,qr-superbowl-parking,tickets,https://enpassantapi.io/tickets?code=EP-FVW4Q-QBNK5&source=qr-superbowl-parking,qr-superbowl-parking/EP-FVW4Q-QBNK5.png
EP-BD63K-QTZCJ,qr-superbowl-parking,tickets,https://enpassantapi.io/tickets?code=EP-BD63K-QTZCJ&source=qr-superbowl-parking,qr-superbowl-parking/EP-BD63K-QTZCJ.png
EP-CQB3S-5CB8F,qr-superbowl-parking,tickets,https://enpassantapi.io/tickets?code=EP-CQB3S-5CB8F&source=qr-superbowl-parking,qr-superbowl-parking/EP-CQB3S-5CB8F.png
EP-PFKWY-27UZ8,qr-soma-laundromat,apartments,https://enpassantapi.io/apartments?code=EP-PFKWY-27UZ8&source=qr-soma-laundromat,qr-soma-laundromat/EP-PFKWY-27UZ8.png
EP-8482S-Q552N,qr-soma-laundromat,apartments,https://enpassantapi.io/apartments?code=EP-8482S-Q552N&source=qr-soma-laundromat,qr-soma-laundromat/EP-8482S-Q552N.png
EP-6V9YW-3MLDJ,qr-soma-laundromat,apartments,https://enpassantapi.io/apartments?code=EP-6V9YW-3MLDJ&source=qr-soma-laundromat,qr-soma-laundromat/EP-6V9YW-3MLDJ.png
EP-MQYFW-ZLGU9,qr-soma-laundromat,apartments,https://enpassantapi.io/apartments?code=EP-MQYFW-ZLGU9&source=qr-soma-laundromat,qr-soma-laundromat/EP-MQYFW-ZLGU9.png
EP-9D6DK-2UG7F,qr-soma-laundromat,apartments,https://enpassantapi.io/apartments?code=EP-9D6DK-2UG7F&source=qr-soma-laundromat,qr-soma-laundromat/EP-9D6DK-2UG7F.png
EP-T6ZL7-A4JWU,qr-soma-laundromat,apartments,https://enpassantapi.io/apartments?code=EP-T6ZL7-A4JWU&source=qr-soma-laundromat,qr-soma-laundromat/EP-T6ZL7-A4JWU.png
EP-BX8UQ-QKUAB,qr-soma-laundromat,apartments,https://enpassantapi.io/apartments?code=EP-BX8UQ-QKUAB&source=qr-soma-laundromat,qr-soma-laundromat/EP-BX8UQ-QKUAB.png
EP-HVDPT-QTYZ6,qr-soma-laundromat,apartments,https://enpassantapi.io/apartments?code=EP-HVDPT-QTYZ6&source=qr-soma-laundromat,qr-soma-laundromat/EP-HVDPT-QTYZ6.png
EP-P39SN-QNB2C,qr-soma-laundromat,apartments,https://enpassantapi.io/apartments?code=EP-P39SN-QNB2C&source=qr-soma-laundromat,qr-soma-laundromat/EP-P39SN-QNB2C.png
EP-WCPZ8-5MLBU,qr-soma-laundromat,apartments,https://enpassantapi.io/apartments?code=EP-WCPZ8-5MLBU&source=qr-soma-laundromat,qr-soma-laundromat/EP-WCPZ8-5MLBU.png
EP-CTWAD-P2465,qr-soma-laundromat,apartments,https://enpassantapi.io/apartments?code=EP-CTWAD-P2465&source=qr-soma-laundromat,qr-soma-laundromat/EP-CTWAD-P2465.png
EP-85WFJ-YHDKW,qr-soma-laundromat,apartments,https://enpassantapi.io/apartments?code=EP-85WFJ-YHDKW&source=qr-soma-laundromat,qr-soma-laundromat/EP-85WFJ-YHDKW.png
EP-4PWDT-LKGXM,qr-soma-laundromat,apartments,https://enpassantapi.io/apartments?code=EP-4PWDT-LKGXM&source=qr-soma-laundromat,qr-soma-laundromat/EP-4PWDT-LKGXM.png
EP-YB2NM-QEAWD,qr-soma-laundromat,apartments,https://enpassantapi.io/apartments?code=EP-YB2NM-QEAWD&source=qr-soma-laundromat,qr-soma-laundromat/EP-YB2NM-QEAWD.png
EP-UCB9N-HCPN3,qr-soma-laundromat,apartments,https://enpassantapi.io/apartments?code=EP-UCB9N-HCPN3&source=qr-soma-laundromat,qr-soma-laundromat/EP-UCB9N-HCPN3.png
EP-J7VTF-HCHNH,qr-soma-laundromat,apartments,https://enpassantapi.io/apartments?code=EP-J7VTF-HCHNH&source=qr-soma-laundromat,qr-soma-laundromat/EP-J7VTF-HCHNH.png
EP-ZEBED-3JYTR,qr-soma-laundromat,apartments,https://enpassantapi.io/apartments?code=EP-ZEBED-3JYTR&source=qr-soma-laundromat,qr-soma-laundromat/EP-ZEBED-3JYTR.png
EP-UZ4ML-C98JZ,qr-soma-laundromat,apartments,https://enpassantapi.io/apartments?code=EP-UZ4ML-C98JZ&source=qr-soma-laundromat,qr-soma-laundromat/EP-UZ4ML-C98JZ.png
EP-559CJ-KS4N3,qr-soma-laundromat,apartments,https://enpassantapi.io/apartments?code=EP-559CJ-KS4N3&source=qr-soma-laundromat,qr-soma-laundromat/EP-559CJ-KS4N3.png
EP-GXSMZ-9G4N4,qr-soma-laundromat,apartments,https://enpassantapi.io/apartments?code=EP-GXSMZ-9G4N4&source=qr-soma-laundromat,qr-soma-laundromat/EP-GXSMZ-9G4N4.png
EP-8P7RQ-4PKAH,qr-soma-laundromat,apartments,https://enpassantapi.io/apartments?code=EP-8P7RQ-4PKAH&source=qr-soma-laundromat,qr-soma-laundromat/EP-8P7RQ-4PKAH.png
EP-7XL7K-X9BZM,qr-soma-laundromat,apartments,https://enpassantapi.io/apartments?code=EP-7XL7K-X9BZM&source=qr-soma-laundromat,qr-soma-laundromat/EP-7XL7K-X9BZM.png
EP-5XH36-FMMEL,qr-soma-laundromat,apartments,https://enpassantapi.io/apartments?code=EP-5XH36-FMMEL&source=qr-soma-laundromat,qr-soma-laundromat/EP-5XH36-FMMEL.png
EP-EYC5G-8GKAJ,qr-soma-laundromat,apartments,https://enpassantapi.io/apartments?code=EP-EYC5G-8GKAJ&source=qr-soma-laundromat,qr-soma-laundromat/EP-EYC5G-8GKAJ.png
EP-AD2L5-S5DGJ,qr-soma-laundromat,apartments,https://enpassantapi.io/apartments?code=EP-AD2L5-S5DGJ&source=qr-soma-laundromat,qr-soma-laundromat/EP-AD2L5-S5DGJ.png
EP-9TX3E-8T5WL,qr-soma-laundromat,apartments,https://enpassantapi.io/apartments?code=EP-9TX3E-8T5WL&source=qr-soma-laundromat,qr-soma-laundromat/EP-9TX3E-8T5WL.png
EP-9DNNL-XPAZT,qr-soma-laundromat,apartments,https://enpassantapi.io/apartments?code=EP-9DNNL-XPAZT&source=qr-soma-laundromat,qr-soma-laundromat/EP-9DNNL-XPAZT.png
EP-XNSGY-HV67Z,qr-soma-laundromat,apartments,https://enpassantapi.io/apartments?code=EP-XNSGY-HV67Z&source=qr-soma-laundromat,qr-soma-laundromat/EP-XNSGY-HV67Z.png
EP-PFC5H-5G99J,qr-soma-laundromat,apartments,https://enpassantapi.io/apartments?code=EP-PFC5H-5G99J&source=qr-soma-laundromat,qr-soma-laundromat/EP-PFC5H-5G99J.png
EP-VXX46-U2L6Q,qr-soma-laundromat,apartments,https://enpassantapi.io/apartments?code=EP-VXX46-U2L6Q&source=qr-soma-laundromat,qr-soma-laundromat/EP-VXX46-U2L6Q.png
EP-E85GA-7QUPZ,qr-soma-laundromat,apartments,https://enpassantapi.io/apartments?code=EP-E85GA-7QUPZ&source=qr-soma-laundromat,qr-soma-laundromat/EP-E85GA-7QUPZ.png
EP-5WAGL-CHFF9,qr-soma-laundromat,apartments,https://enpassantapi.io/apartments?code=EP-5WAGL-CHFF9&source=qr-soma-laundromat,qr-soma-laundromat/EP-5WAGL-CHFF9.png
EP-RWHV7-UYMWW,qr-soma-laundromat,apartments,https://enpassantapi.io/apartments?code=EP-RWHV7-UYMWW&source=qr-soma-laundromat,qr-soma-laundromat/EP-RWHV7-UYMWW.png
EP-T65BT-N8JDW,qr-soma-laundromat,apartments,https://enpassantapi.io/apartments?code=EP-T65BT-N8JDW&source=qr-soma-laundromat,qr-soma-laundromat/EP-T65BT-N8JDW.png
EP-CH962-URVY9,qr-soma-laundromat,apartments,https://enpassantapi.io/apartments?code=EP-CH962-URVY9&source=qr-soma-laundromat,qr-soma-laundromat/EP-CH962-URVY9.png
EP-NVPG7-LBDQX,qr-soma-laundromat,apartments,https://enpassantapi.io/apartments?code=EP-NVPG7-LBDQX&source=qr-soma-laundromat,qr-soma-laundromat/EP-NVPG7-LBDQX.png
EP-5BG6R-WEJXS,qr-soma-laundromat,apartments,https://enpassantapi.io/apartments?code=EP-5BG6R-WEJXS&source=qr-soma-laundromat,qr-soma-laundromat/EP-5BG6R-WEJXS.png
EP-LA9LZ-K8V8T,qr-soma-laundromat,apartments,https://enpassantapi.io/apartments?code=EP-LA9LZ-K8V8T&source=qr-soma-laundromat,qr-soma-laundromat/EP-LA9LZ-K8V8T.png
EP-7QM9D-6DJ6P,qr-soma-laundromat,apartments,https://enpassantapi.io/apartments?code=EP-7QM9D-6DJ6P&source=qr-soma-laundromat,qr-soma-laundromat/EP-7QM9D-6DJ6P.png
EP-EKE7C-BDFCD,qr-soma-laundromat,apartments,https://enpassantapi.io/apartments?code=EP-EKE7C-BDFCD&source=qr-soma-laundromat,qr-soma-laundromat/EP-EKE7C-BDFCD.png
EP-5MA8C-FZQB9,qr-soma-laundromat,apartments,https://enpassantapi.io/apartments?code=EP-5MA8C-FZQB9&source=qr-soma-laundromat,qr-soma-laundromat/EP-5MA8C-FZQB9.png
EP-ML2ZH-JZYJJ,qr-soma-laundromat,apartments,https://enpassantapi.io/apartments?code=EP-ML2ZH-JZYJJ&source=qr-soma-laundromat,qr-soma-laundromat/EP-ML2ZH-JZYJJ.png
EP-MBPAF-W494A,qr-soma-laundromat,apartments,https://enpassantapi.io/apartments?code=EP-MBPAF-W494A&source=qr-soma-laundromat,qr-soma-laundromat/EP-MBPAF-W494A.png
EP-GX3DE-49RHK,qr-soma-laundromat,apartments,https://enpassantapi.io/apartments?code=EP-GX3DE-49RHK&source=qr-soma-laundromat,qr-soma-laundromat/EP-GX3DE-49RHK.png
EP-96L6S-6QA7V,qr-soma-laundromat,apartments,https://enpassantapi.io/apartments?code=EP-96L6S-6QA7V&source=qr-soma-laundromat,qr-soma-laundromat/EP-96L6S-6QA7V.png
EP-EYVJK-MZZ4Q,qr-soma-laundromat,apartments,https://enpassantapi.io/apartments?code=EP-EYVJK-MZZ4Q&source=qr-soma-laundromat,qr-soma-laundromat/EP-EYVJK-MZZ4Q.png
EP-ZHNYJ-YLA35,qr-soma-laundromat,apartments,https://enpassantapi.io/apartments?code=EP-ZHNYJ-YLA35&source=qr-soma-laundromat,qr-soma-laundromat/EP-ZHNYJ-YLA35.png
EP-ZA3KN-Q5XF7,qr-soma-laundromat,apartments,https://enpassantapi.io/apartments?code=EP-ZA3KN-Q5XF7&source=qr-soma-laundromat,qr-soma-laundromat/EP-ZA3KN-Q5XF7.png
EP-88WGH-Q493E,qr-soma-laundromat,apartments,https://enpassantapi.io/apartments?code=EP-88WGH-Q493E&source=qr-soma-laundromat,qr-soma-laundromat/EP-88WGH-Q493E.png
EP-UUYJH-2X5AU,qr-soma-laundromat,apartments,https://enpassantapi.io/apartments?code=EP-UUYJH-2X5AU&source=qr-soma-laundromat,qr-soma-laundromat/EP-UUYJH-2X5AU.png
EP-ZYHKF-HM29L,qr-marina-coffee,dating,https://enpassantapi.io/dating?code=EP-ZYHKF-HM29L&source=qr-marina-coffee,qr-marina-coffee/EP-ZYHKF-HM29L.png
EP-BLTUH-5KAUK,qr-marina-coffee,dating,https://enpassantapi.io/dating?code=EP-BLTUH-5KAUK&source=qr-marina-coffee,qr-marina-coffee/EP-BLTUH-5KAUK.png
EP-GCGYJ-KND9K,qr-marina-coffee,dating,https://enpassantapi.io/dating?code=EP-GCGYJ-KND9K&source=qr-marina-coffee,qr-marina-coffee/EP-GCGYJ-KND9K.png
EP-5GQK5-HGMTK,qr-marina-coffee,dating,https://enpassantapi.io/dating?code=EP-5GQK5-HGMTK&source=qr-marina-coffee,qr-marina-coffee/EP-5GQK5-HGMTK.png
EP-DE27J-TF9TF,qr-marina-coffee,dating,https://enpassantapi.io/dating?code=EP-DE27J-TF9TF&source=qr-marina-coffee,qr-marina-coffee/EP-DE27J-TF9TF.png
EP-7255C-6A7SR,qr-marina-coffee,dating,https://enpassantapi.io/dating?code=EP-7255C-6A7SR&source=qr-marina-coffee,qr-marina-coffee/EP-7255C-6A7SR.png
EP-X2D2C-2WQJ3,qr-marina-coffee,dating,https://enpassantapi.io/dating?code=EP-X2D2C-2WQJ3&source=qr-marina-coffee,qr-marina-coffee/EP-X2D2C-2WQJ3.png
EP-3DXFV-DYQCC,qr-marina-coffee,dating,https://enpassantapi.io/dating?code=EP-3DXFV-DYQCC&source=qr-marina-coffee,qr-marina-coffee/EP-3DXFV-DYQCC.png
EP-24AD4-U9TFX,qr-marina-coffee,dating,https://enpassantapi.io/dating?code=EP-24AD4-U9TFX&source=qr-marina-coffee,qr-marina-coffee/EP-24AD4-U9TFX.png
EP-ZSE7A-2TZTG,qr-marina-coffee,dating,https://enpassantapi.io/dating?code=EP-ZSE7A-2TZTG&source=qr-marina-coffee,qr-marina-coffee/EP-ZSE7A-2TZTG.png
EP-C8JVA-UF9UY,qr-marina-coffee,dating,https://enpassantapi.io/dating?code=EP-C8JVA-UF9UY&source=qr-marina-coffee,qr-marina-coffee/EP-C8JVA-UF9UY.png
EP-YL39V-RW4H2,qr-marina-coffee,dating,https://enpassantapi.io/dating?code=EP-YL39V-RW4H2&source=qr-marina-coffee,qr-marina-coffee/EP-YL39V-RW4H2.png
EP-RBRMF-BDGFZ,qr-marina-coffee,dating,https://enpassantapi.io/dating?code=EP-RBRMF-BDGFZ&source=qr-marina-coffee,qr-marina-coffee/EP-RBRMF-BDGFZ.png
EP-DXJSD-K6DKE,qr-marina-coffee,dating,https://enpassantapi.io/dating?code=EP-DXJSD-K6DKE&source=qr-marina-coffee,qr-marina-coffee/EP-DXJSD-K6DKE.png
EP-YB7TL-5YH84,qr-marina-coffee,dating,https://enpassantapi.io/dating?code=EP-YB7TL-5YH84&source=qr-marina-coffee,qr-marina-coffee/EP-YB7TL-5YH84.png
EP-NBQKC-UFDZY,qr-marina-coffee,dating,https://enpassantapi.io/dating?code=EP-NBQKC-UFDZY&source=qr-marina-coffee,qr-marina-coffee/EP-NBQKC-UFDZY.png
EP-48R9D-Z9QE4,qr-marina-coffee,dating,https://enpassantapi.io/dating?code=EP-48R9D-Z9QE4&source=qr-marina-coffee,qr-marina-coffee/EP-48R9D-Z9QE4.png
EP-7UVBU-EHJCX,qr-marina-coffee,dating,https://enpassantapi.io/dating?code=EP-7UVBU-EHJCX&source=qr-marina-coffee,qr-marina-coffee/EP-7UVBU-EHJCX.png
EP-K5AFL-7XX2P,qr-marina-coffee,dating,https://enpassantapi.io/dating?code=EP-K5AFL-7XX2P&source=qr-marina-coffee,qr-marina-coffee/EP-K5AFL-7XX2P.png
EP-H2RZV-K3N5M,qr-marina-coffee,dating,https://enpassantapi.io/dating?code=EP-H2RZV-K3N5M&source=qr-marina-coffee,qr-marina-coffee/EP-H2RZV-K3N5M.png
EP-BHS4P-YL4S3,qr-marina-coffee,dating,https://enpassantapi.io/dating?code=EP-BHS4P-YL4S3&source=qr-marina-coffee,qr-marina-coffee/EP-BHS4P-YL4S3.png
EP-R6KL9-PBBWN,qr-marina-coffee,dating,https://enpassantapi.io/dating?code=EP-R6KL9-PBBWN&source=qr-marina-coffee,qr-marina-coffee/EP-R6KL9-PBBWN.png
EP-RYMZK-P72CP,qr-marina-coffee,dating,https://enpassantapi.io/dating?code=EP-RYMZK-P72CP&source=qr-marina-coffee,qr-marina-coffee/EP-RYMZK-P72CP.png
EP-UC9GQ-N7RMM,qr-marina-coffee,dating,https://enpassantapi.io/dating?code=EP-UC9GQ-N7RMM&source=qr-marina-coffee,qr-marina-coffee/EP-UC9GQ-N7RMM.png
EP-NM2TX-T8676,qr-marina-coffee,dating,https://enpassantapi.io/dating?code=EP-NM2TX-T8676&source=qr-marina-coffee,qr-marina-coffee/EP-NM2TX-T8676.png
EP-TE5LJ-K4CTC,qr-marina-coffee,dating,https://enpassantapi.io/dating?code=EP-TE5LJ-K4CTC&source=qr-marina-coffee,qr-marina-coffee/EP-TE5LJ-K4CTC.png
EP-YUC7Y-FJUGP,qr-marina-coffee,dating,https://enpassantapi.io/dating?code=EP-YUC7Y-FJUGP&source=qr-marina-coffee,qr-marina-coffee/EP-YUC7Y-FJUGP.png
EP-LL93L-QYQXT,qr-marina-coffee,dating,https://enpassantapi.io/dating?code=EP-LL93L-QYQXT&source=qr-marina-coffee,qr-marina-coffee/EP-LL93L-QYQXT.png
EP-9D5LY-7RDWZ,qr-marina-coffee,dating,https://enpassantapi.io/dating?code=EP-9D5LY-7RDWZ&source=qr-marina-coffee,qr-marina-coffee/EP-9D5LY-7RDWZ.png
EP-GHTE7-XBUEK,qr-marina-coffee,dating,https://enpassantapi.io/dating?code=EP-GHTE7-XBUEK&source=qr-marina-coffee,qr-marina-coffee/EP-GHTE7-XBUEK.png
EP-TNACW-NMYQA,qr-marina-coffee,dating,https://enpassantapi.io/dating?code=EP-TNACW-NMYQA&source=qr-marina-coffee,qr-marina-coffee/EP-TNACW-NMYQA.png
EP-6B5AW-Q5MDP,qr-marina-coffee,dating,https://enpassantapi.io/dating?code=EP-6B5AW-Q5MDP&source=qr-marina-coffee,qr-marina-coffee/EP-6B5AW-Q5MDP.png
EP-D5B7Q-L2385,qr-marina-coffee,dating,https://enpassantapi.io/dating?code=EP-D5B7Q-L2385&source=qr-marina-coffee,qr-marina-coffee/EP-D5B7Q-L2385.png
EP-HKC7M-N33HH,qr-marina-coffee,dating,https://enpassantapi.io/dating?code=EP-HKC7M-N33HH&source=qr-marina-coffee,qr-marina-coffee/EP-HKC7M-N33HH.png
EP-LEGCZ-SCP73,qr-marina-coffee,dating,https://enpassantapi.io/dating?code=EP-LEGCZ-SCP73&source=qr-marina-coffee,qr-marina-coffee/EP-LEGCZ-SCP73.png
EP-G275B-H8H8Q,qr-marina-coffee,dating,https://enpassantapi.io/dating?code=EP-G275B-H8H8Q&source=qr-marina-coffee,qr-marina-coffee/EP-G275B-H8H8Q.png
EP-EMKXU-SJ3EY,qr-marina-coffee,dating,https://enpassantapi.io/dating?code=EP-EMKXU-SJ3EY&source=qr-marina-coffee,qr-marina-coffee/EP-EMKXU-SJ3EY.png
EP-GVLV2-8X7AG,qr-marina-coffee,dating,https://enpassantapi.io/dating?code=EP-GVLV2-8X7AG&source=qr-marina-coffee,qr-marina-coffee/EP-GVLV2-8X7AG.png
EP-8UPMA-7QPU2,qr-marina-coffee,dating,https://enpassantapi.io/dating?code=EP-8UPMA-7QPU2&source=qr-marina-coffee,qr-marina-coffee/EP-8UPMA-7QPU2.png
EP-E7WHR-MH2JK,qr-marina-coffee,dating,https://enpassantapi.io/dating?code=EP-E7WHR-MH2JK&source=qr-marina-coffee,qr-marina-coffee/EP-E7WHR-MH2JK.png
EP-NC9ZF-FCXCT,qr-marina-coffee,dating,https://enpassantapi.io/dating?code=EP-NC9ZF-FCXCT&source=qr-marina-coffee,qr-marina-coffee/EP-NC9ZF-FCXCT.png
EP-M8U79-M2K82,qr-marina-coffee,dating,https://enpassantapi.io/dating?code=EP-M8U79-M2K82&source=qr-marina-coffee,qr-marina-coffee/EP-M8U79-M2K82.png
EP-M38L7-TCFNR,qr-marina-coffee,dating,https://enpassantapi.io/dating?code=EP-M38L7-TCFNR&source=qr-marina-coffee,qr-marina-coffee/EP-M38L7-TCFNR.png
EP-NKCN8-LGNXB,qr-marina-coffee,dating,https://enpassantapi.io/dating?code=EP-NKCN8-LGNXB&source=qr-marina-coffee,qr-marina-coffee/EP-NKCN8-LGNXB.png
EP-WK9J3-KP8L8,qr-marina-coffee,dating,https://enpassantapi.io/dating?code=EP-WK9J3-KP8L8&source=qr-marina-coffee,qr-marina-coffee/EP-WK9J3-KP8L8.png
EP-Z4YHH-QCSSG,qr-marina-coffee,dating,https://enpassantapi.io/dating?code=EP-Z4YHH-QCSSG&source=qr-marina-coffee,qr-marina-coffee/EP-Z4YHH-QCSSG.png
EP-LDRMQ-36HFL,qr-marina-coffee,dating,https://enpassantapi.io/dating?code=EP-LDRMQ-36HFL&source=qr-marina-coffee,qr-marina-coffee/EP-LDRMQ-36HFL.png
EP-ELA76-CJURZ,qr-marina-coffee,dating,https://enpassantapi.io/dating?code=EP-ELA76-CJURZ&source=qr-marina-coffee,qr-marina-coffee/EP-ELA76-CJURZ.png
EP-Z6NQS-DJUL2,qr-marina-coffee,dating,https://enpassantapi.io/dating?code=EP-Z6NQS-DJUL2&source=qr-marina-coffee,qr-marina-coffee/EP-Z6NQS-DJUL2.png
EP-3YTTQ-ELKKG,qr-marina-coffee,dating,https://enpassantapi.io/dating?code=EP-3YTTQ-ELKKG&source=qr-marina-coffee,qr-marina-coffee/EP-3YTTQ-ELKKG.png
EP-R8HEX-2J39H,qr-stanford-campus,jobs,https://enpassantapi.io/jobs?code=EP-R8HEX-2J39H&source=qr-stanford-campus,qr-stanford-campus/EP-R8HEX-2J39H.png
EP-35YRA-ERP8A,qr-stanford-campus,jobs,https://enpassantapi.io/jobs?code=EP-35YRA-ERP8A&source=qr-stanford-campus,qr-stanford-campus/EP-35YRA-ERP8A.png
EP-XM7D2-HYQUV,qr-stanford-campus,jobs,https://enpassantapi.io/jobs?code=EP-XM7D2-HYQUV&source=qr-stanford-campus,qr-stanford-campus/EP-XM7D2-HYQUV.png
EP-4TFHJ-XX4Z3,qr-stanford-campus,jobs,https://enpassantapi.io/jobs?code=EP-4TFHJ-XX4Z3&source=qr-stanford-campus,qr-stanford-campus/EP-4TFHJ-XX4Z3.png
EP-857CF-NM9HZ,qr-stanford-campus,jobs,https://enpassantapi.io/jobs?code=EP-857CF-NM9HZ&source=qr-stanford-campus,qr-stanford-campus/EP-857CF-NM9HZ.png
EP-EFZKM-6SEYU,qr-stanford-campus,jobs,https://enpassantapi.io/jobs?code=EP-EFZKM-6SEYU&source=qr-stanford-campus,qr-stanford-campus/EP-EFZKM-6SEYU.png
EP-H2HMV-S47RN,qr-stanford-campus,jobs,https://enpassantapi.io/jobs?code=EP-H2HMV-S47RN&source=qr-stanford-campus,qr-stanford-campus/EP-H2HMV-S47RN.png
EP-64ZSY-HWECT,qr-stanford-campus,jobs,https://enpassantapi.io/jobs?code=EP-64ZSY-HWECT&source=qr-stanford-campus,qr-stanford-campus/EP-64ZSY-HWECT.png
EP-QPX5S-KA4SR,qr-stanford-campus,jobs,https://enpassantapi.io/jobs?code=EP-QPX5S-KA4SR&source=qr-stanford-campus,qr-stanford-campus/EP-QPX5S-KA4SR.png
EP-5BYFK-DTM2U,qr-stanford-campus,jobs,https://enpassantapi.io/jobs?code=EP-5BYFK-DTM2U&source=qr-stanford-campus,qr-stanford-campus/EP-5BYFK-DTM2U.png
EP-A277K-7TQWX,qr-stanford-campus,jobs,https://enpassantapi.io/jobs?code=EP-A277K-7TQWX&source=qr-stanford-campus,qr-stanford-campus/EP-A277K-7TQWX.png
EP-F2AWQ-8EQPG,qr-stanford-campus,jobs,https://enpassantapi.io/jobs?code=EP-F2AWQ-8EQPG&source=qr-stanford-campus,qr-stanford-campus/EP-F2AWQ-8EQPG.png
EP-AKLEW-L3FAK,qr-stanford-campus,jobs,https://enpassantapi.io/jobs?code=EP-AKLEW-L3FAK&source=qr-stanford-campus,qr-stanford-campus/EP-AKLEW-L3FAK.png
EP-Y9F3V-6AQEX,qr-stanford-campus,jobs,https://enpassantapi.io/jobs?code=EP-Y9F3V-6AQEX&source=qr-stanford-campus,qr-stanford-campus/EP-Y9F3V-6AQEX.png
EP-8VPG3-BF8XD,qr-stanford-campus,jobs,https://enpassantapi.io/jobs?code=EP-8VPG3-BF8XD&source=qr-stanford-campus,qr-stanford-campus/EP-8VPG3-BF8XD.png
EP-59H68-RNXUW,qr-stanford-campus,jobs,https://enpassantapi.io/jobs?code=EP-59H68-RNXUW&source=qr-stanford-campus,qr-stanford-campus/EP-59H68-RNXUW.png
EP-Y7952-9XM7F,qr-stanford-campus,jobs,https://enpassantapi.io/jobs?code=EP-Y7952-9XM7F&source=qr-stanford-campus,qr-stanford-campus/EP-Y7952-9XM7F.png
EP-MPHUZ-DPJGU,qr-stanford-campus,jobs,https://enpassantapi.io/jobs?code=EP-MPHUZ-DPJGU&source=qr-stanford-campus,qr-stanford-campus/EP-MPHUZ-DPJGU.png
EP-3X6RE-YFKBF,qr-stanford-campus,jobs,https://enpassantapi.io/jobs?code=EP-3X6RE-YFKBF&source=qr-stanford-campus,qr-stanford-campus/EP-3X6RE-YFKBF.png
EP-ZC4S3-59J3F,qr-stanford-campus,jobs,https://enpassantapi.io/jobs?code=EP-ZC4S3-59J3F&source=qr-stanford-campus,qr-stanford-campus/EP-ZC4S3-59J3F.png
EP-KPQ5G-UB4QN,qr-stanford-campus,jobs,https://enpassantapi.io/jobs?code=EP-KPQ5G-UB4QN&source=qr-stanford-campus,qr-stanford-campus/EP-KPQ5G-UB4QN.png
EP-CM5EH-NZRP2,qr-stanford-campus,jobs,https://enpassantapi.io/jobs?code=EP-CM5EH-NZRP2&source=qr-stanford-campus,qr-stanford-campus/EP-CM5EH-NZRP2.png
EP-Y4HC3-ZQJTE,qr-stanford-campus,jobs,https://enpassantapi.io/jobs?code=EP-Y4HC3-ZQJTE&source=qr-stanford-campus,qr-stanford-campus/EP-Y4HC3-ZQJTE.png
EP-NHSDF-LKJLS,qr-stanford-campus,jobs,https://enpassantapi.io/jobs?code=EP-NHSDF-LKJLS&source=qr-stanford-campus,qr-stanford-campus/EP-NHSDF-LKJLS.png
EP-C3ALC-QK7S9,qr-stanford-campus,jobs,https://enpassantapi.io/jobs?code=EP-C3ALC-QK7S9&source=qr-stanford-campus,qr-stanford-campus/EP-C3ALC-QK7S9.png
EP-6ZUPP-V32NZ,qr-stanford-campus,jobs,https://enpassantapi.io/jobs?code=EP-6ZUPP-V32NZ&source=qr-stanford-campus,qr-stanford-campus/EP-6ZUPP-V32NZ.png
EP-KAHMQ-8RTD9,qr-stanford-campus,jobs,https://enpassantapi.io/jobs?code=EP-KAHMQ-8RTD9&source=qr-stanford-campus,qr-stanford-campus/EP-KAHMQ-8RTD9.png
EP-X4N78-9XPBC,qr-stanford-campus,jobs,https://enpassantapi.io/jobs?code=EP-X4N78-9XPBC&source=qr-stanford-campus,qr-stanford-campus/EP-X4N78-9XPBC.png
EP-4UJHF-HSQXL,qr-stanford-campus,jobs,https://enpassantapi.io/jobs?code=EP-4UJHF-HSQXL&source=qr-stanford-campus,qr-stanford-campus/EP-4UJHF-HSQXL.png
EP-CVRMK-E2TVX,qr-stanford-campus,jobs,https://enpassantapi.io/jobs?code=EP-CVRMK-E2TVX&source=qr-stanford-campus,qr-stanford-campus/EP-CVRMK-E2TVX.png
EP-NMW7F-DZSN8,qr-stanford-campus,jobs,https://enpassantapi.io/jobs?code=EP-NMW7F-DZSN8&source=qr-stanford-campus,qr-stanford-campus/EP-NMW7F-DZSN8.png
EP-8QXJ4-DZCBU,qr-stanford-campus,jobs,https://enpassantapi.io/jobs?code=EP-8QXJ4-DZCBU&source=qr-stanford-campus,qr-stanford-campus/EP-8QXJ4-DZCBU.png
EP-K3DJG-FU2Y7,qr-stanford-campus,jobs,https://enpassantapi.io/jobs?code=EP-K3DJG-FU2Y7&source=qr-stanford-campus,qr-stanford-campus/EP-K3DJG-FU2Y7.png
EP-VCV92-4REYE,qr-stanford-campus,jobs,https://enpassantapi.io/jobs?code=EP-VCV92-4REYE&source=qr-stanford-campus,qr-stanford-campus/EP-VCV92-4REYE.png
EP-6NCLR-QYV2L,qr-stanford-campus,jobs,https://enpassantapi.io/jobs?code=EP-6NCLR-QYV2L&source=qr-stanford-campus,qr-stanford-campus/EP-6NCLR-QYV2L.png
EP-SS8DW-2DSUT,qr-stanford-campus,jobs,https://enpassantapi.io/jobs?code=EP-SS8DW-2DSUT&source=qr-stanford-campus,qr-stanford-campus/EP-SS8DW-2DSUT.png
EP-SS7CD-EH9HK,qr-stanford-campus,jobs,https://enpassantapi.io/jobs?code=EP-SS7CD-EH9HK&source=qr-stanford-campus,qr-stanford-campus/EP-SS7CD-EH9HK.png
EP-H5R7P-6PNRB,qr-stanford-campus,jobs,https://enpassantapi.io/jobs?code=EP-H5R7P-6PNRB&source=qr-stanford-campus,qr-stanford-campus/EP-H5R7P-6PNRB.png
EP-NXC8K-KQE5H,qr-stanford-campus,jobs,https://enpassantapi.io/jobs?code=EP-NXC8K-KQE5H&source=qr-stanford-campus,qr-stanford-campus/EP-NXC8K-KQE5H.png
EP-SMWZD-G989J,qr-stanford-campus,jobs,https://enpassantapi.io/jobs?code=EP-SMWZD-G989J&source=qr-stanford-campus,qr-stanford-campus/EP-SMWZD-G989J.png
EP-E38MH-73PGB,qr-stanford-campus,jobs,https://enpassantapi.io/jobs?code=EP-E38MH-73PGB&source=qr-stanford-campus,qr-stanford-campus/EP-E38MH-73PGB.png
EP-4FP6P-5WPJF,qr-stanford-campus,jobs,https://enpassantapi.io/jobs?code=EP-4FP6P-5WPJF&source=qr-stanford-campus,qr-stanford-campus/EP-4FP6P-5WPJF.png
EP-UJY5U-4QTGS,qr-stanford-campus,jobs,https://enpassantapi.io/jobs?code=EP-UJY5U-4QTGS&source=qr-stanford-campus,qr-stanford-campus/EP-UJY5U-4QTGS.png
EP-CAX25-PAX75,qr-stanford-campus,jobs,https://enpassantapi.io/jobs?code=EP-CAX25-PAX75&source=qr-stanford-campus,qr-stanford-campus/EP-CAX25-PAX75.png
EP-SWSCC-RCFFD,qr-stanford-campus,jobs,https://enpassantapi.io/jobs?code=EP-SWSCC-RCFFD&source=qr-stanford-campus,qr-stanford-campus/EP-SWSCC-RCFFD.png
EP-LJVVF-NYDCA,qr-stanford-campus,jobs,https://enpassantapi.io/jobs?code=EP-LJVVF-NYDCA&source=qr-stanford-campus,qr-stanford-campus/EP-LJVVF-NYDCA.png
EP-67BNC-BQ82N,qr-stanford-campus,jobs,https://enpassantapi.io/jobs?code=EP-67BNC-BQ82N&source=qr-stanford-campus,qr-stanford-campus/EP-67BNC-BQ82N.png
EP-WDSQ6-US3LN,qr-stanford-campus,jobs,https://enpassantapi.io/jobs?code=EP-WDSQ6-US3LN&source=qr-stanford-campus,qr-stanford-campus/EP-WDSQ6-US3LN.png
EP-6MVNQ-7LBMX,qr-stanford-campus,jobs,https://enpassantapi.io/jobs?code=EP-6MVNQ-7LBMX&source=qr-stanford-campus,qr-stanford-campus/EP-6MVNQ-7LBMX.png
EP-K38EM-43YMS,qr-stanford-campus,jobs,https://enpassantapi.io/jobs?code=EP-K38EM-43YMS&source=qr-stanford-campus,qr-stanford-campus/EP-K38EM-43YMS.png
EP-7MKBU-GLY7V,qr-wework-sf,freelance,https://enpassantapi.io/freelance?code=EP-7MKBU-GLY7V&source=qr-wework-sf,qr-wework-sf/EP-7MKBU-GLY7V.png
EP-SPW96-DFYEP,qr-wework-sf,freelance,https://enpassantapi.io/freelance?code=EP-SPW96-DFYEP&source=qr-wework-sf,qr-wework-sf/EP-SPW96-DFYEP.png
EP-WUWN6-QTN9D,qr-wework-sf,freelance,https://enpassantapi.io/freelance?code=EP-WUWN6-QTN9D&source=qr-wework-sf,qr-wework-sf/EP-WUWN6-QTN9D.png
EP-H9WJU-2ZYS8,qr-wework-sf,freelance,https://enpassantapi.io/freelance?code=EP-H9WJU-2ZYS8&source=qr-wework-sf,qr-wework-sf/EP-H9WJU-2ZYS8.png
EP-87PBD-UFG3B,qr-wework-sf,freelance,https://enpassantapi.io/freelance?code=EP-87PBD-UFG3B&source=qr-wework-sf,qr-wework-sf/EP-87PBD-UFG3B.png
EP-AXX6Z-NR7SB,qr-wework-sf,freelance,https://enpassantapi.io/freelance?code=EP-AXX6Z-NR7SB&source=qr-wework-sf,qr-wework-sf/EP-AXX6Z-NR7SB.png
EP-2K2ZC-NXRD3,qr-wework-sf,freelance,https://enpassantapi.io/freelance?code=EP-2K2ZC-NXRD3&source=qr-wework-sf,qr-wework-sf/EP-2K2ZC-NXRD3.png
EP-NYZXQ-D23RA,qr-wework-sf,freelance,https://enpassantapi.io/freelance?code=EP-NYZXQ-D23RA&source=qr-wework-sf,qr-wework-sf/EP-NYZXQ-D23RA.png
EP-S468T-ZY939,qr-wework-sf,freelance,https://enpassantapi.io/freelance?code=EP-S468T-ZY939&source=qr-wework-sf,qr-wework-sf/EP-S468T-ZY939.png
EP-33T86-QRA58,qr-wework-sf,freelance,https://enpassantapi.io/freelance?code=EP-33T86-QRA58&source=qr-wework-sf,qr-wework-sf/EP-33T86-QRA58.png
EP-DAEQR-NDW8G,qr-wework-sf,freelance,https://enpassantapi.io/freelance?code=EP-DAEQR-NDW8G&source=qr-wework-sf,qr-wework-sf/EP-DAEQR-NDW8G.png
EP-ZP8WB-UVMC7,qr-wework-sf,freelance,https://enpassantapi.io/freelance?code=EP-ZP8WB-UVMC7&source=qr-wework-sf,qr-wework-sf/EP-ZP8WB-UVMC7.png
EP-75KQA-XC29X,qr-wework-sf,freelance,https://enpassantapi.io/freelance?code=EP-75KQA-XC29X&source=qr-wework-sf,qr-wework-sf/EP-75KQA-XC29X.png
EP-QCJCW-TU2FH,qr-wework-sf,freelance,https://enpassantapi.io/freelance?code=EP-QCJCW-TU2FH&source=qr-wework-sf,qr-wework-sf/EP-QCJCW-TU2FH.png
EP-JV2LB-5N784,qr-wework-sf,freelance,https://enpassantapi.io/freelance?code=EP-JV2LB-5N784&source=qr-wework-sf,qr-wework-sf/EP-JV2LB-5N784.png
EP-Y7Z73-FXKDU,qr-wework-sf,freelance,https://enpassantapi.io/freelance?code=EP-Y7Z73-FXKDU&source=qr-wework-sf,qr-wework-sf/EP-Y7Z73-FXKDU.png
EP-AHU48-ZEASN,qr-wework-sf,freelance,https://enpassantapi.io/freelance?code=EP-AHU48-ZEASN&source=qr-wework-sf,qr-wework-sf/EP-AHU48-ZEASN.png
EP-T3VGK-8FFQ8,qr-wework-sf,freelance,https://enpassantapi.io/freelance?code=EP-T3VGK-8FFQ8&source=qr-wework-sf,qr-wework-sf/EP-T3VGK-8FFQ8.png
EP-X7EZR-MC6ZQ,qr-wework-sf,freelance,https://enpassantapi.io/freelance?code=EP-X7EZR-MC6ZQ&source=qr-wework-sf,qr-wework-sf/EP-X7EZR-MC6ZQ.png
EP-MNRPJ-GUJDB,qr-wework-sf,freelance,https://enpassantapi.io/freelance?code=EP-MNRPJ-GUJDB&source=qr-wework-sf,qr-wework-sf/EP-MNRPJ-GUJDB.png
EP-WP8QM-YEE9T,qr-wework-sf,freelance,https://enpassantapi.io/freelance?code=EP-WP8QM-YEE9T&source=qr-wework-sf,qr-wework-sf/EP-WP8QM-YEE9T.png
EP-3X4TU-CHDRV,qr-wework-sf,freelance,https://enpassantapi.io/freelance?code=EP-3X4TU-CHDRV&source=qr-wework-sf,qr-wework-sf/EP-3X4TU-CHDRV.png
EP-C9U7U-7RJZM,qr-wework-sf,freelance,https://enpassantapi.io/freelance?code=EP-C9U7U-7RJZM&source=qr-wework-sf,qr-wework-sf/EP-C9U7U-7RJZM.png
EP-GLLAP-T9FHY,qr-wework-sf,freelance,https://enpassantapi.io/freelance?code=EP-GLLAP-T9FHY&source=qr-wework-sf,qr-wework-sf/EP-GLLAP-T9FHY.png
EP-LH2CG-CPS6E,qr-wework-sf,freelance,https://enpassantapi.io/freelance?code=EP-LH2CG-CPS6E&source=qr-wework-sf,qr-wework-sf/EP-LH2CG-CPS6E.png
EP-GUWTD-N9WC5,qr-wework-sf,freelance,https://enpassantapi.io/freelance?code=EP-GUWTD-N9WC5&source=qr-wework-sf,qr-wework-sf/EP-GUWTD-N9WC5.png
EP-F5W7L-KAKZX,qr-wework-sf,freelance,https://enpassantapi.io/freelance?code=EP-F5W7L-KAKZX&source=qr-wework-sf,qr-wework-sf/EP-F5W7L-KAKZX.png
EP-C62EJ-ZUP6G,qr-wework-sf,freelance,https://enpassantapi.io/freelance?code=EP-C62EJ-ZUP6G&source=qr-wework-sf,qr-wework-sf/EP-C62EJ-ZUP6G.png
EP-UNGCA-C2T5T,qr-wework-sf,freelance,https://enpassantapi.io/freelance?code=EP-UNGCA-C2T5T&source=qr-wework-sf,qr-wework-sf/EP-UNGCA-C2T5T.png
EP-C7CYV-WHLHX,qr-wework-sf,freelance,https://enpassantapi.io/freelance?code=EP-C7CYV-WHLHX&source=qr-wework-sf,qr-wework-sf/EP-C7CYV-WHLHX.png
EP-3BFC9-NKVDF,qr-wework-sf,freelance,https://enpassantapi.io/freelance?code=EP-3BFC9-NKVDF&source=qr-wework-sf,qr-wework-sf/EP-3BFC9-NKVDF.png
EP-Z9JUZ-PCSG7,qr-wework-sf,freelance,https://enpassantapi.io/freelance?code=EP-Z9JUZ-PCSG7&source=qr-wework-sf,qr-wework-sf/EP-Z9JUZ-PCSG7.png
EP-7NSYC-XK7ZF,qr-wework-sf,freelance,https://enpassantapi.io/freelance?code=EP-7NSYC-XK7ZF&source=qr-wework-sf,qr-wework-sf/EP-7NSYC-XK7ZF.png
EP-SGVG5-YEN3W,qr-wework-sf,freelance,https://enpassantapi.io/freelance?code=EP-SGVG5-YEN3W&source=qr-wework-sf,qr-wework-sf/EP-SGVG5-YEN3W.png
EP-FQKL7-UKSQC,qr-wework-sf,freelance,https://enpassantapi.io/freelance?code=EP-FQKL7-UKSQC&source=qr-wework-sf,qr-wework-sf/EP-FQKL7-UKSQC.png
EP-7VYRM-8QHBY,qr-wework-sf,freelance,https://enpassantapi.io/freelance?code=EP-7VYRM-8QHBY&source=qr-wework-sf,qr-wework-sf/EP-7VYRM-8QHBY.png
EP-8ZWEC-N86D6,qr-wework-sf,freelance,https://enpassantapi.io/freelance?code=EP-8ZWEC-N86D6&source=qr-wework-sf,qr-wework-sf/EP-8ZWEC-N86D6.png
EP-P6JNR-NKGKG,qr-wework-sf,freelance,https://enpassantapi.io/freelance?code=EP-P6JNR-NKGKG&source=qr-wework-sf,qr-wework-sf/EP-P6JNR-NKGKG.png
EP-XQQXX-PTDX5,qr-wework-sf,freelance,https://enpassantapi.io/freelance?code=EP-XQQXX-PTDX5&source=qr-wework-sf,qr-wework-sf/EP-XQQXX-PTDX5.png
EP-QTEBB-WAJDE,qr-wework-sf,freelance,https://enpassantapi.io/freelance?code=EP-QTEBB-WAJDE&source=qr-wework-sf,qr-wework-sf/EP-QTEBB-WAJDE.png
EP-JP7AV-3DGRT,qr-wework-sf,freelance,https://enpassantapi.io/freelance?code=EP-JP7AV-3DGRT&source=qr-wework-sf,qr-wework-sf/EP-JP7AV-3DGRT.png
EP-L8LXG-GH4DT,qr-wework-sf,freelance,https://enpassantapi.io/freelance?code=EP-L8LXG-GH4DT&source=qr-wework-sf,qr-wework-sf/EP-L8LXG-GH4DT.png
EP-85TS5-6KQQ3,qr-wework-sf,freelance,https://enpassantapi.io/freelance?code=EP-85TS5-6KQQ3&source=qr-wework-sf,qr-wework-sf/EP-85TS5-6KQQ3.png
EP-VUZNW-M7CGL,qr-wework-sf,freelance,https://enpassantapi.io/freelance?code=EP-VUZNW-M7CGL&source=qr-wework-sf,qr-wework-sf/EP-VUZNW-M7CGL.png
EP-6TNFZ-CGDPE,qr-wework-sf,freelance,https://enpassantapi.io/freelance?code=EP-6TNFZ-CGDPE&source=qr-wework-sf,qr-wework-sf/EP-6TNFZ-CGDPE.png
EP-EH4RK-XRE4G,qr-wework-sf,freelance,https://enpassantapi.io/freelance?code=EP-EH4RK-XRE4G&source=qr-wework-sf,qr-wework-sf/EP-EH4RK-XRE4G.png
EP-PVSQY-S49VQ,qr-wework-sf,freelance,https://enpassantapi.io/freelance?code=EP-PVSQY-S49VQ&source=qr-wework-sf,qr-wework-sf/EP-PVSQY-S49VQ.png
EP-ULJL3-PLQ7C,qr-wework-sf,freelance,https://enpassantapi.io/freelance?code=EP-ULJL3-PLQ7C&source=qr-wework-sf,qr-wework-sf/EP-ULJL3-PLQ7C.png
EP-GUBWH-QB3N9,qr-wework-sf,freelance,https://enpassantapi.io/freelance?code=EP-GUBWH-QB3N9&source=qr-wework-sf,qr-wework-sf/EP-GUBWH-QB3N9.png
EP-ECAVB-9X2TC,qr-wework-sf,freelance,https://enpassantapi.io/freelance?code=EP-ECAVB-9X2TC&source=qr-wework-sf,qr-wework-sf/EP-ECAVB-9X2TC.png